{
    "report_len-12_eleven_monolingual_v1.json": {
        "0": 1499.3398335,
        "1": 1209.6666460000001,
        "2": 1330.9332085,
        "3": 1677.7554165000001,
        "4": 4026.2924380000004
    },
    "report_len-24_eleven_monolingual_v1.json": {
        "0": 2339.1795205,
        "1": 2126.4610210000005,
        "2": 1918.732521,
        "3": 1972.5532285,
        "4": 2059.7767294999976
    },
    "report_len-6_eleven_multilingual_v2.json": {
        "0": 2513.408375,
        "1": 1466.1663545000006,
        "2": 1419.5395209999997,
        "3": 1264.6165204999998,
        "4": 1418.1994579999991
    },
    "report_len-12_eleven_multilingual_v2.json": {
        "0": 3109.0243124999997,
        "1": 3106.7280620000006,
        "2": 3189.728103999999,
        "3": 2249.076417,
        "4": 2115.621438
    },
    "report_len-24_eleven_multilingual_v2.json": {
        "0": 4215.1902915,
        "1": 4531.945542,
        "2": 5233.262354,
        "3": 4764.9547915,
        "4": 5663.323708
    }
}